TransactionID,fraud_prob
3476394,0.01803385
3053569,0.0056095524
3353921,0.0023596552
3516024,0.003446759
3343874,0.0027809672
3261769,0.004981776
2996543,0.0018198738
3173386,0.0014309998
3137644,0.023544045
3500374,0.00302532
3520967,0.0029911164
3298676,0.028177029
3159860,0.016460238
3554463,0.0013929749
3180351,0.0067562372
3561817,0.008219483
3106779,0.006891873
3351226,0.022149669
3471575,0.007835374
3461088,0.005262799
3564146,0.0018830847
3338481,0.0016128616
3187668,0.0034937717
3411476,0.0052781384
3203862,0.004362442
3142574,0.04278904
3026086,0.0014932083
3096740,0.0058951415
3454761,0.0047014216
3504304,0.008566317
3266445,0.0044905604
3173538,0.009189056
3080462,0.0011537694
3348717,0.0048505007
3292222,0.0026041213
3026173,0.0035823889
3185487,0.023983775
3574372,0.00833598
3008470,0.043775555
3084148,0.004326062
3547636,0.0027830906
3413503,0.0009707032
3225053,0.029205447
3213547,0.006541437
3511168,0.011639146
3128420,0.0013179654
3068331,0.010592665
3489165,0.004166832
3154766,0.003821222
3043732,0.00959032
3479812,0.0019872852
3250172,0.18601969
3307785,0.031285245
3127241,0.0027280373
3096350,0.03429615
3197756,0.0031260208
3259158,0.00917784
3517451,0.023371626
3544492,0.023465056
2993999,0.0030748728
3118551,0.1509287
3320058,0.0018233419
3473355,0.0020767446
3490537,0.00512423
3536975,0.12636556
3135310,0.9079417
3141890,0.0015286098
3418560,0.021834014
3364632,0.0077582267
3112823,0.006486447
3388907,0.002753284
3264147,0.0010893937
3218376,0.021560619
3108115,0.0027337435
3044776,0.0073951203
3301589,0.0028998305
3140234,0.034994718
3198724,0.011380513
3550363,0.0030647598
3132756,0.031949338
3514517,0.05598253
3444361,0.011541797
3123493,0.0158496
3177490,0.0031328576
3412908,0.0025273473
3329994,0.0034150418
3450689,0.020005176
3441760,0.008243088
3153541,0.0036823608
3141009,0.0068112663
3000491,0.0026566528
3501148,0.034163103
2991371,0.0023893008
3405537,0.062163334
2997109,0.17235903
3102283,0.003543389
3497958,0.0030349207
3073239,0.0091484655
3153984,0.005127987
3309423,0.0075294464
3231138,0.0056645554
3325178,0.0013577485
3530288,0.002230854
3080911,0.0046634027
3217927,0.01864291
3296259,0.0044223
3076691,0.02326373
3536200,0.006159381
3353756,0.0021346442
3575498,0.11523094
3282839,0.13916817
3281011,0.0048865094
3190796,0.007396062
3056472,0.0019481666
3411670,0.0016602048
3164053,0.022089157
3558910,0.004657503
3537994,0.021446561
3199937,0.004534784
3144248,0.0031779776
3280346,0.03907465
3542936,0.20170268
3182691,0.2172785
3008387,0.022918535
3302487,0.008015625
3493901,0.001076168
3487059,0.17211367
3485828,0.16629717
3057065,0.037007324
3268238,0.0066835913
3084708,0.02451385
3241551,0.0013135256
3389601,0.008188417
3163132,0.006259795
3228236,0.010483411
3117615,0.013428716
3517186,0.002315819
3037334,0.003214713
3466477,0.0014254039
3258163,0.0024816603
3538154,0.008538827
3218447,0.033135027
3496446,0.027729405
3485811,0.0025381905
3295674,0.006778192
3064597,0.005503981
3545660,0.005868879
3184761,0.0038459385
3466086,0.0046240897
3414848,0.005609167
3171952,0.004953572
3301327,0.060412407
3085428,0.0016496966
3382363,0.0035273533
3431878,0.006435087
3437043,0.008835997
3157629,0.0016228767
3245218,0.006104042
3080880,0.005867463
3436998,0.07584731
3251199,0.046433628
3238797,0.00307321
3112922,0.1150915
3024783,0.0019219659
3476485,0.018425392
3464722,0.007921474
3298164,0.00078712165
3073989,0.0069043026
3274634,0.00526634
3424204,0.009335719
3235943,0.0031993932
3081173,0.0032313801
3418774,0.15722023
3536958,0.12623999
3398523,0.050133422
3033665,0.0070852456
3367005,0.041816704
3102961,0.0035324604
3509026,0.0072235186
3229094,0.0065565575
3107490,0.017615898
3111704,0.011470488
3201139,0.012969471
3481111,0.0024283032
3254090,0.02854638
3114689,0.0134018
3527110,0.015311645
2995519,0.00761377
3083769,0.0086947195
3291418,0.0019652103
3173017,0.0009659547
3534407,0.32801253
3121120,0.017015113
3053024,0.0022759377
2987327,0.006166823
3360069,0.006809415
3465133,0.014174445
3452822,0.0028685713
3216711,0.013098746
3200932,0.007542482
3050039,0.012637575
3371504,0.033358667
3008552,0.07536487
3367538,0.0027931344
3508094,0.04657092
2989085,0.0024444354
3135893,0.015208919
3240262,0.006014376
3455420,0.02252212
3020840,0.009632524
3027321,0.0028419027
3171605,0.0077483
3015942,0.01183069
3290880,0.011102903
3488632,0.6636422
3209609,0.029783964
3078363,0.0034210242
3369710,0.0010551217
3365947,0.22192334
3392168,0.0013665161
3046446,0.020212978
3187723,0.15556467
3425130,0.0040093604
3068745,0.009266591
3010197,0.034829378
3242263,0.04150053
3364830,0.022445755
3304886,0.0040336614
3267296,0.0037714862
3339543,0.0032100927
3514138,0.0036139488
3014532,0.026692336
3389728,0.3408832
3493593,0.23885395
3006906,0.005475025
3521793,0.017576596
2997466,0.0023709869
3444843,0.015624752
3164249,0.0010832936
3521812,0.009530945
3540424,0.0053512347
3212416,0.0075846384
3419899,0.0029082599
3488911,0.04005591
2999364,0.002877118
3229179,0.0098073445
3296748,0.11193059
3244454,0.030140761
3308859,0.0015642451
3155698,0.004985344
3186702,0.0066839997
3162294,0.006859696
3341685,0.023287874
3194728,0.0013922739
3556541,0.010183587
3240608,0.003693383
3571486,0.0016883429
3463913,0.016706653
3063069,0.004866242
3097587,0.0033376904
3291827,0.007371964
3049191,0.033411615
3172212,0.0065634316
3363028,0.0029199687
3074495,0.028129507
3403951,0.0021016633
3536948,0.001480286
3411861,0.0042230426
3233192,0.0014583346
3236544,0.0028879014
3532255,0.004871588
3059332,0.0041569443
3316977,0.0013730492
3247909,0.001434872
3179410,0.0054782117
3315953,0.010857555
3439243,0.015346537
3134727,0.7538763
3351340,0.0013328538
3405008,0.0031440014
3181727,0.011272768
3366579,0.019710364
3476154,0.0037806162
3111688,0.0038574005
3181037,0.0049515343
3535359,0.0008165221
3365634,0.008238607
3287046,0.043206155
3145038,0.019130474
3019313,0.0048689307
3045831,0.0026350967
3547270,0.017832855
3289759,0.006996341
3188449,0.009062425
3403524,0.04229947
3125548,0.0012026906
3403828,0.002992981
3082939,0.014497324
3411324,0.07084702
3336654,0.0065953713
3021752,0.004765802
3463687,0.0056709326
3088146,0.009072451
3566549,0.027609902
3155941,0.0026151773
3171527,0.001692454
3153582,0.049289674
3317171,0.028428426
3521357,0.0089032175
3501560,0.029569821
3509055,0.005238526
3515888,0.007977697
3132543,0.0044916584
3310214,0.038434785
3511315,0.0021329557
2987959,0.007920945
3405609,0.010800629
3457096,0.059529584
3311191,0.0067102006
3535912,0.009948181
3384694,0.9367057
3182855,0.013571989
3392077,0.0477702
3438722,0.012452533
3295478,0.0031538564
3314335,0.007988074
3235183,0.04589715
3057839,0.008680198
3475842,0.002476379
3573020,0.0041338815
3115584,0.0182094
3426369,0.032874517
3414143,0.0807428
3241343,0.2126155
3469440,0.0030077642
3251877,0.005646841
3033917,0.016656423
3087994,0.0035279635
3549934,0.002437245
3361833,0.005698351
3542568,0.016929597
3149884,0.01383558
3057831,0.0040755593
3410992,0.014457362
3008654,0.007428172
3053307,0.0012453971
3154267,0.00981794
3478477,0.0048066997
3289503,0.0065749767
3139296,0.0074959514
3126145,0.0038052588
3486786,0.005516097
3504938,0.057396293
3353190,0.004524515
3440066,0.0060854023
3248778,0.012997978
3225699,0.0060105883
3018193,0.0062839976
3298067,0.05248734
3137452,0.00788077
3029417,0.0028875952
3370034,0.009072327
3177712,0.014919722
3040740,0.0042952523
3050057,0.003132487
3211170,0.0024115785
3124034,0.0055563524
3194154,0.041581914
3493294,0.0027283693
3527266,0.0089279665
3410497,0.008173745
3061936,0.0023638592
3406011,0.11354801
3570178,0.04117935
3518376,0.03473731
3383951,0.0016660445
3139302,0.00749638
3228096,0.009989638
3465947,0.0012233078
3155624,0.0023921179
3245409,0.0061183954
3061877,0.006010432
3496869,0.0366424
3136128,0.012766896
3517640,0.0029626808
3457496,0.008162589
3234063,0.0020509309
3455801,0.016952848
3266253,0.007163728
3255363,0.007474738
3526881,0.04262436
3444425,0.0031342264
3499785,0.000716611
3329834,0.0103922365
3322787,0.091891326
3259516,0.0020493923
3237915,0.0032411276
3408679,0.004425526
3489788,0.0028897927
3479841,0.0058478643
3544279,0.0113615
3276869,0.0026983095
3147444,0.03772889
3037420,0.037542123
3284580,0.00071559753
3543168,0.0037197801
3179803,0.0021283117
3101078,0.004479749
3442315,0.0023329153
3130192,0.036228113
3404839,0.0020127888
3350574,0.0019381101
3198659,0.00780446
3392342,0.0092728
3232825,0.0046979063
3290503,0.006294658
3148179,0.0013781664
3533493,0.0014618343
3244186,0.3808015
3379328,0.0015317927
3310295,0.003634895
3511279,0.0030393577
3411601,0.004545473
3135234,0.004834691
3015140,0.0034994804
3290899,0.0035322574
3447066,0.014892751
3065335,0.0060492335
3104334,0.0076957564
3469233,0.010842561
3373229,0.03947959
3322621,0.0024492783
3432722,0.0071898727
3060274,0.004427693
3422137,0.020660596
3576095,0.0033045826
3151530,0.012322711
3295416,0.0027950676
3255002,0.12507634
3551418,0.0074846074
3545301,0.010572329
3014420,0.006894566
3038314,0.013555701
3146866,0.0062802737
3384775,0.0042350027
3024403,0.004282436
3084797,0.004995146
3287497,0.032876384
3154577,0.032226395
3538314,0.0024265482
3122084,0.0016359043
3247600,0.0127067445
3012277,0.13837253
3493516,0.0033180916
3072069,0.0054362062
3559881,0.004228838
3016336,0.002046311
3123295,0.0048983255
3571683,0.044469427
3478786,0.0024110498
3389712,0.0096595
3283065,0.0026091684
3495251,0.009834452
3048757,0.0018959444
3155649,0.00427688
3445560,0.003378482
3534660,0.0044113006
3123198,0.006583133
3442103,0.9644335
3358725,0.11288529
3540405,0.020046884
3218466,0.008122112
3130661,0.002618484
3523724,0.03871125
3475692,0.002127701
3044538,0.0065346723
3106130,0.012724464
3027921,0.0077195526
3231871,0.011565381
3065169,0.007892219
3175192,0.0074910144
3215855,0.0063072117
3428911,0.013689755
3413569,0.0181432
3399358,0.0024059012
3459476,0.0032749353
3079403,0.015104467
3363619,0.0138519965
3295755,0.0021511437
3091907,0.0017817748
3022903,0.011853081
3189505,0.0017148472
2995455,0.0044155642
3444950,0.0021805232
3481007,0.0068453625
3051223,0.0053547486
3265990,0.011437824
3555855,0.013155962
3346303,0.0015348968
3524216,0.0054218755
3272406,0.001412
3544916,0.032374114
3024573,0.0035995818
3281416,0.01216942
3391068,0.008240485
3111512,0.0056293015
3044718,0.048806716
3451041,0.0039769853
3012350,0.0056054816
3364711,0.0017668279
3312693,0.0040638936
3125853,0.010044438
3137947,0.009787531
3095552,0.0030803839
3446406,0.003503054
3376505,0.008448603
3551356,0.029762127
3262381,0.0093254885
3421658,0.0026790905
3225228,0.0019958862
3350078,0.020637406
3007867,0.0010346127
3127737,0.0023058448
3046282,0.016524076
3024894,0.009845025
3313859,0.005707628
3239199,0.019509444
3545472,0.005323447
3363801,0.0017257261
3333276,0.009440623
3288830,0.0103961015
3042323,0.017534923
3292653,0.0017674984
3012704,0.018718373
3209589,0.01868728
3314865,0.0008215252
3158784,0.0031206508
3165498,0.0054387
3537497,0.00610805
3218523,0.0021233924
3342295,0.0029752105
3395578,0.0025254018
3169775,0.015641036
3303030,0.0656562
3178761,0.0055360836
3384992,0.001124488
3218778,0.008415687
3079646,0.0056961873
3372580,0.005951608
3317779,0.062050734
3123195,0.01491273
3347715,0.0014998242
3389843,0.009717448
3474500,0.007469416
3431041,0.05766974
3505941,0.07278161
3399664,0.009810781
3350373,0.003181213
3248996,0.004671539
3127940,0.0076443297
3212424,0.00774002
3344495,0.0018620738
3361435,0.0016247341
3153052,0.013354343
3184870,0.00386584
3457475,0.0891685
3274275,0.045718487
3113074,0.008762448
3333076,0.17005311
3506006,0.004555372
3391563,0.015485171
3379647,0.018399714
3033411,0.0019200367
3527991,0.017116055
3125754,0.17282322
3370097,0.023835428
3118452,0.013523844
3244748,0.03006782
3543126,0.0014159947
3512269,0.0029424308
3042004,0.0073771165
3240904,0.008852257
3208889,0.053887546
3304838,0.004844108
3571160,0.0029506343
3082955,0.006143814
3303920,0.0061337887
3177385,0.005961241
3437705,0.025022728
3480831,0.0058903145
3453504,0.025202904
3133248,0.00689204
3556827,0.005003405
3239166,0.27150795
3016702,0.0032470282
3161405,0.0074620987
3564008,0.017581923
3101425,0.008958777
3034091,0.0008997439
3337634,0.008337627
3487619,0.020828001
3419919,0.020706194
3057991,0.002839669
3224862,0.0041621746
3242034,0.0021066384
3243866,0.0037085228
3333172,0.010560614
3082345,0.021182904
3150464,0.021456735
3506088,0.043011464
3374261,0.0010714721
3287957,0.034504928
3184105,0.0061243516
3530063,0.010627394
3159669,0.0027419196
3426458,0.03043916
3491426,0.01617355
3318340,0.030844836
3233392,0.02706324
3267136,0.0072983378
3083201,0.013628776
3269178,0.087057196
3131670,0.010324464
3486503,0.005844965
3330898,0.010784664
3373121,0.019643875
3075734,0.007220513
3050525,0.017470848
3211760,0.0030659446
3108205,0.81284463
3305552,0.052785106
3231620,0.0013898946
3317705,0.0035824021
3348957,0.0018840223
3053747,0.008342423
3422867,0.0015788121
3231265,0.0025301266
3433110,0.04011659
3036798,0.27911723
3154740,0.0005111945
3386767,0.0060518975
3436999,0.0013267884
3166842,0.0035015396
3422923,0.002606291
3129247,0.0028632882
3367643,0.012449847
3089140,0.019975152
3346985,0.00202614
3545067,0.0035576054
3423466,0.006000697
3538963,0.031783484
3068368,0.016186705
3068876,0.002395444
3211716,0.010623207
3283385,0.02203715
3569596,0.015159804
3291960,0.008488558
3361175,0.013339744
3509158,0.0052749
3004326,0.0035584758
3178295,0.038249936
3004654,0.017076096
3465979,0.0027058327
3393175,0.007374484
3464403,0.016848223
3004224,0.20994942
3106123,0.011725295
3188461,0.0045971638
3292734,0.043410342
3178428,0.0018283085
3247489,0.9767727
3304996,0.018140579
3424432,0.0041342997
3418460,0.016704177
3051256,0.91518354
3557450,0.016662171
3180479,0.009112487
3159887,0.029187052
3131203,0.01639046
3371715,0.0034061475
3404312,0.0032456042
3095046,0.0061800084
3085709,0.0029325443
3201502,0.026041629
3194554,0.043638315
3226565,0.002393536
3153913,0.001250004
3502172,0.020997627
3481765,0.0038133725
3399753,0.011986444
3259033,0.003677321
3276961,0.039505385
3239376,0.00317902
3473454,0.006478453
3452129,0.0017492799
3577308,0.21717702
3512845,0.005378654
3185640,0.0071485676
2996771,0.0051705167
3078672,0.06078737
3023362,0.010041442
3306243,0.003255566
3470486,0.01294649
3326086,0.013730312
3378509,0.001961419
3304747,0.06985355
3316009,0.0023152109
3385394,0.0014242701
3128712,0.009453286
3141915,0.0018440586
3050542,0.01989507
3428921,0.0062541673
3136786,0.0019116658
3081970,0.0024116854
3110685,0.045764267
3441277,0.006316289
3031652,0.0060082846
3252714,0.0019170757
3093352,0.025220348
3091487,0.0026474507
3086794,0.014782901
3175528,0.010235087
3097433,0.002944684
3434007,0.0040525724
3034207,0.009892873
3478320,0.023290677
3273690,0.0025380924
3534875,0.0031766559
3198174,0.0076923375
3111727,0.00661387
3555679,0.0069767735
3570971,0.0011935527
2994786,0.038419005
3348970,0.06338177
3099256,0.010464206
3417655,0.010086848
3432208,0.0050874217
3188952,0.07021252
3381263,0.017139735
3349985,0.0023703757
3146017,0.0005196366
3406755,0.07381641
3368220,0.0022184048
3415516,0.001847339
3487727,0.016614294
3382208,0.00993891
2993263,0.059147608
3266879,0.027188368
3461594,0.07667337
3299342,0.004174619
3159873,0.004961593
3466104,0.0023699587
3453877,0.0050015463
3305884,0.0055895643
3128566,0.020944618
3043029,0.0017637366
3122659,0.007327376
3556117,0.022841679
3136665,0.010166802
3193269,0.0036115423
3373141,0.012128628
3346930,0.004048854
3357750,0.015598365
3313763,0.012999948
3519518,0.02149345
3045706,0.0063030683
3355164,0.031000374
3174473,0.016261617
3453640,0.01877273
3220479,0.0043119113
3104410,0.005196095
3019146,0.0082175555
3320718,0.0054381583
3014593,0.004165621
3092408,0.02561477
3000851,0.019978998
3168032,0.0030075912
3537479,0.0064908457
3538760,0.0055795284
3302172,0.006787649
3419857,0.03146214
3431689,0.016421037
3089916,0.0059390618
3075955,0.017955292
3033966,0.004781288
3434472,0.0047927145
3198239,0.12819347
3427691,0.02107264
3052196,0.00603559
3302812,0.0016076916
3212680,0.0017916579
3072480,0.004929336
3118313,0.024954561
3567946,0.020980816
2990290,0.0038284971
3421632,0.0070981625
3256070,0.2612444
3372954,0.04898445
3574010,0.0029427274
3110066,0.008624737
3263257,0.012127777
3437318,0.0015122944
3124146,0.012908256
3056781,0.013789164
3400862,0.003372026
3131929,0.019413838
3423724,0.019937983
3429018,0.047352694
3267743,0.01593837
3417942,0.010026659
3250784,0.02516637
3437282,0.007921631
3577144,0.006474965
3549595,0.0014292907
3081660,0.005219566
3185491,0.0053566154
3365655,0.0013597537
3049689,0.006509171
2988794,0.0056902166
3403973,0.00163317
2991853,0.009114408
3325081,0.013446978
3045503,0.0024062616
3209240,0.024157206
3248252,0.003842971
3232281,0.002699942
3193048,0.0014448527
3030459,0.008734181
2990436,0.0027359114
3353780,0.0070907557
3262918,0.0019468692
3453320,0.0037434371
3163525,0.008742446
3058725,0.019954376
3414153,0.0019154752
3357676,0.008688779
3456679,0.021012912
3433247,0.0032545975
3386489,0.110401735
3333107,0.00400477
3539530,0.011339604
3534474,0.06695933
3199088,0.03265647
3185915,0.007299609
3141492,0.0077507277
3076050,0.003772805
3102919,0.081513904
3502104,0.6339935
3160794,0.0033811086
3503665,0.002137357
3479486,0.113944024
3486655,0.0127882855
3410140,0.011500628
3294466,0.009326842
3299477,0.013259425
3052384,0.0073300963
3329849,0.0045461114
3047502,0.010122668
3334248,0.002634771
3039831,0.0027309707
3491723,0.0019730455
3467788,0.072565466
3409686,0.0013158206
3098894,0.0028106088
3269625,0.0027276184
3390289,0.00076572306
3428195,0.1539036
3324508,0.011880081
3157829,0.0020360267
3261875,0.0360385
3323740,0.008477259
3558510,0.005085916
3174884,0.017102694
3314404,0.0012413469
3128387,0.0037968918
3202247,0.0019325376
3274593,0.06860971
3558674,0.0055081975
3554739,0.023515096
3275150,0.0015457665
3524978,0.006151817
3491057,0.0077712545
3382793,0.026544834
3179097,0.008126204
3260308,0.0058340947
3252535,0.0023662264
3359863,0.037586533
3343420,0.002270285
3418882,0.010307912
3448161,0.0030382497
3091435,0.0072086887
3254461,0.009570607
3412245,0.020105546
3157449,0.003805651
3460333,0.002533684
3011388,0.007984028
3226865,0.015881235
3016112,0.0057608993
3009551,0.015400204
3543960,0.008763951
3018477,0.010880989
3327132,0.01715219
3123096,0.003602444
3032368,0.0011051602
3108365,0.04287354
3389534,0.0370386
3263837,0.0034100814
3027851,0.025886154
2991570,0.012440148
3276151,0.0036776057
3307245,0.11209269
3415685,0.014850654
3153358,0.0027388611
3011155,0.0049198093
3434342,0.08395225
3044485,0.0025914328
3484018,0.0058288034
3404531,0.00408287
3402654,0.03494023
3170370,0.003709649
3094454,0.00585662
3400076,0.0008016634
3108134,0.01571052
3275474,0.008667795
3504430,0.06369238
3217836,0.0031960784
3449584,0.002623736
3118463,0.00087932043
3461933,0.1877669
3086509,0.0025608623
3347399,0.004273888
3045857,0.011916662
3174089,0.004852054
3546116,0.006692734
3012687,0.0022417712
3126966,0.4377266
3029039,0.0047245896
3116367,0.22424638
3214602,0.008101049
3044152,0.7856513
3058376,0.0042088577
3160637,0.0075174654
3039503,0.003560382
3396390,0.011207722
3076706,0.0050560026
2991552,0.06421721
3218416,0.003239523
3034911,0.009302636
3127324,0.92660755
3402781,0.00245658
3391979,0.00085719465
3505253,0.0695556
3573549,0.024318235
3226843,0.00234983
3368243,0.014932552
3076456,0.0013478454
3236772,0.0093944315
3266822,0.0017559236
3545654,0.013171702
3342425,0.031619534
3321594,0.0017418705
3488065,0.0060537336
3206825,0.0069553065
3323252,0.0043989327
3092673,0.019646466
3060662,0.009302205
3368247,0.04763013
2991402,0.019050114
3069334,0.011264943
3206573,0.001687365
3316061,0.038889084
3317469,0.010515136
3311750,0.0069314237
3011552,0.00628955
3504948,0.0013000495
3499559,0.016743142
3287529,0.024784423
3031898,0.014650598
3135036,0.011510336
3261948,0.013281134
3030145,0.024966357
3098468,0.0069355504
3304355,0.0020522538
3073444,0.009581194
3356445,0.0028721457
3211696,0.0043291007
3219470,0.0008916873
3443165,0.04211055
3420928,0.0058910185
3517276,0.008276023
3416780,0.031853672
3187407,0.0072441814
3149014,0.004255684
3527453,0.019864483
3394297,0.03770062
3425296,0.009943645
3490329,0.010876104
3493137,0.0041535664
3186415,0.0066100457
3451155,0.0031483413
3113129,0.0028502822
3014107,0.002559075
3549623,0.011722566
3418395,0.002016097
3297512,0.081238076
3254521,0.00348642
3427791,0.03680369
3421443,0.03884894
3153169,0.004562054
3279948,0.010936497
3436688,0.0048262896
3430995,0.0021710342
3398143,0.00084264274
3332433,0.0016121286
3506579,0.021144325
3464989,0.022177055
3399621,0.0058730952
3198680,0.017584955
3566142,0.004143262
3312386,0.10463911
3529053,0.0066155866
3067058,0.011801281
3485928,0.0036344568
3000739,0.0017892256
3155708,0.011516343
3562511,0.005751356
3557857,0.0060789133
3403098,0.048918884
3362855,0.015204027
3095925,0.005420824
3480531,0.087944396
3379615,0.011875839
3248530,0.033256758
3441873,0.019893108
3101369,0.026063263
3190566,0.008524564
3037085,0.005769777
3461441,0.02601657
3395477,0.0024292055
3319586,0.006882268
3026306,0.0015326835
3506319,0.02769095
3138564,0.05715399
3282862,0.0013262748
3022751,0.0017578204
3131112,0.6479317
3407053,0.007562182
3297157,0.007795655
3104130,0.29713747
3130452,0.0090703
3419093,0.0082984865
3074003,0.198262
3472086,0.0012159334
3031182,0.0030042946
3467214,0.01593217
3025195,0.0026031989
3195929,0.0020649217
3248404,0.002534236
3250687,0.013329976
3491376,0.0018291222
3168219,0.0026209012
3008698,0.03331306
3201591,0.018574925
3051842,0.02186287
3109045,0.0067034694
3187859,0.14410569
3352149,0.01693343
3183575,0.0034511725
3206883,0.008492828
3215458,0.012896637
3191914,0.018867666
3362766,0.009980667
3094706,0.019797606
3479056,0.010187187
2995427,0.06965985
3016660,0.036119923
3376844,0.0015923703
3461011,0.013885817
3291298,0.0058261156
2989494,0.0050413515
3175202,0.019012166
3381894,0.0029748771
3230506,0.0016072516
3494080,0.0049701626
3233958,0.046757996
3089896,0.03166209
3286217,0.0115239555
3258543,0.0076156547
3193930,0.004777124
3187253,0.0047851154
3531216,0.0023358548
3227492,0.0064402716
3449555,0.018207941
3303622,0.059449576
3068276,0.049832966
3156680,0.011211231
3329246,0.008477268
3228536,0.0034440362
3409929,0.0055346526
3197415,0.0010481287
3309277,0.08811462
3383380,0.016473118
3301578,0.016870204
3087003,0.10813879
3443413,0.03357037
3376881,0.0025222579
3200183,0.0059355525
3387156,0.0007261338
3458491,0.009711539
3099766,0.11799151
3342098,0.00593753
3136009,0.0040612444
3112448,0.0024057077
3034567,0.012846683
3270237,0.20913595
3459627,0.40934247
3099409,0.10356822
3111138,0.0035094032
3148519,0.013488
3074513,0.0049024806
3161424,0.0080471635
3113152,0.015319102
3453032,0.0021236117
3553658,0.050055206
3000878,0.0076838913
3414247,0.10496667
3071199,0.0063134194
3565284,0.00667492
3201310,0.0040656016
3215319,0.005190693
3288919,0.0013988373
3138318,0.020114116
3440108,0.01876709
3089583,0.005879644
3425672,0.014656271
3141592,0.00081405946
3155845,0.0035869651
3050360,0.16673727
3182630,0.060154654
3177088,0.08427153
3328839,0.009861331
3092610,0.041541643
2991387,0.008646835
3384564,0.007484221
3213668,0.02709453
3222182,0.0011626956
3393649,0.019502008
3320501,0.0052012494
3269921,0.021947727
3143456,0.012436031
3173516,0.045183275
3049589,0.002650038
3229426,0.0023726004
3004957,0.013474073
3496138,0.005380496
3295399,0.0076706894
3133913,0.0058891894
2987613,0.009056043
3258614,0.010942378
3345032,0.0026750292
3142077,0.0037830595
3467130,0.16743943
3127409,0.00087756605
3018803,0.0024256192
3265753,0.04721623
3341485,0.006868333
3480355,0.0066901445
3572058,0.07070059
3436109,0.0015342926
3075847,0.013473396
3465220,0.002332598
3436889,0.0038522277
3063084,0.010850884
3008667,0.003922943
3291714,0.048204206
3291003,0.009658821
3302436,0.007827083
3268859,0.053087983
3426748,0.002434074
3408855,0.0043746973
3247817,0.0024636583
3577022,0.04298743
3318893,0.0036913867
3312233,0.012058397
3099830,0.009794581
3245917,0.013212529
3154957,0.0057194927
3001836,0.004881281
3467015,0.0020318127
3498591,0.0066698785
3379130,0.0013387302
3398208,0.007952777
3232653,0.0065289075
3440382,0.07401032
3486801,0.52209103
3379177,0.009322322
3099447,0.040461086
3325644,0.0040267385
3270523,0.01675873
3171065,0.008368312
3300942,0.012311289
3561151,0.019003728
3025554,0.0044832635
3328889,0.016241461
3343627,0.006842737
3200263,0.027527813
3109670,0.036427256
3124953,0.01594249
3342450,0.0016277327
3001835,0.004284305
3574564,0.031084089
2994143,0.007709453
3347083,0.0009860275
3334152,0.02876599
3437924,0.0361015
3048708,0.01138252
3229422,0.010287782
3007834,0.0044764434
3391110,0.006867735
3316739,0.0035621754
3430128,0.01715362
3313444,0.006572025
3143999,0.0056955526
3235195,0.0009861647
3090449,0.0028248027
3331359,0.008295614
3571531,0.0034882145
3532711,0.016355056
3547916,0.002644432
3305259,0.0020964833
3382293,0.0060056592
3440446,0.007896324
3012108,0.00610638
3156106,0.0038183755
3523043,0.0019099325
3336568,0.1666782
3183286,0.0057365308
3446443,0.0009428113
3381333,0.021575687
3250978,0.0068132277
3520702,0.018367797
3405054,0.011654851
3259130,0.08038466
3344851,0.014306458
3356603,0.0060585183
3036592,0.0034936406
3463549,0.110557795
3366218,0.009475862
3059272,0.010206462
3112895,0.00797498
3170791,0.0053789425
3210759,0.0034485364
3061749,0.005347743
3470655,0.056244813
3293073,0.15686545
3183938,0.024707615
3371227,0.0016355912
3475377,0.013770552
3272564,0.11337916
3465123,0.027663581
3367584,0.005579896
3567309,0.0017065014
3505921,0.0028889903
3493365,0.06123575
3203209,0.00462793
3208548,0.0024931936
3030969,0.0033624729
3373147,0.0023635377
3278432,0.006992675
3444308,0.00987973
3258334,0.0164605
3347103,0.01269882
3170133,0.025384426
3217722,0.0034614687
3229201,0.0012531846
3048060,0.043206982
3547893,0.0017124172
3035788,0.007515573
3532876,0.08602837
3382669,0.030696558
3005663,0.0016199142
3565271,0.002635702
3457913,0.029687997
3151543,0.0026598915
3316007,0.00933991
3140396,0.0010383304
3503309,0.02826836
3455364,0.005944444
3537878,0.0077209044
3183636,0.0034837567
3431980,0.01054704
3552992,0.0050254567
3293290,0.026504176
3250666,0.020759054
3439005,0.035821155
3367317,0.028520897
3114205,0.014828862
3343740,0.01921523
3026850,0.013405823
3351175,0.008923061
3226979,0.0026481925
3576594,0.004849534
3348961,0.012852327
3129059,0.004483434
3178107,0.044522554
3334135,0.0027384378
3496785,0.023288257
3570276,0.099545926
3275787,0.0025463062
3038119,0.001652461
3218651,0.0014956254
3278039,0.004168512
3333528,0.0038259153
3003397,0.015672753
3401718,0.0020175532
3114281,0.14575627
3464422,0.066599004
3406868,0.026835246
3193572,0.0039894218
3229178,0.016419481
3344869,0.0033733838
3010188,0.009921358
3466473,0.0053985543
3467905,0.012618454
3301322,0.0018980326
3248323,0.056447174
3561125,0.0072004795
3340038,0.0019375788
3418499,0.0023825218
3531893,0.024322182
3244944,0.0018154866
3491374,0.013277286
3152658,0.0022319632
3330828,0.030457608
3137086,0.001882866
3466702,0.0015223991
3179473,0.0019761503
3041685,0.1995361
3134901,0.0042988406
3496021,0.0015096946
3260522,0.08152938
3186352,0.019353913
3294613,0.013162427
3467340,0.0015348077
3379605,0.0015384261
3456971,0.01539463
3173342,0.007139946
3172875,0.015670884
3367981,0.008214929
3074316,0.019776657
3192516,0.007381175
3550654,0.0041192966
3081088,0.004133976
3470037,0.003872736
3349486,0.011194323
3224794,0.0037928787
3401640,0.04772447
3384535,0.0072012637
3193159,0.0076169595
3310981,0.003012889
3206072,0.32766804
3062480,0.0030469715
3371768,0.004236328
3348377,0.018030876
3244258,0.036514252
3224057,0.0023105522
3376104,0.0072586774
3408536,0.07644464
3349871,0.009402574
3123636,0.002670606
3447310,0.04892207
3397212,0.5864028
3131282,0.0024737406
3524426,0.010744459
3044784,0.0027966842
3323319,0.032387715
3519039,0.0034147014
3044021,0.003947806
3085716,0.0037391044
3383015,0.85128903
3261086,0.012026661
3569419,0.0062728
2992028,0.007097681
3012253,0.0052494034
3380117,0.6047759
3230576,0.002122348
3497658,0.0051184185
3138517,0.012097861
3449698,0.01991646
3516565,0.017040828
3174341,0.01206558
3296926,0.006519132
3556304,0.0608834
3497124,0.0650951
3167282,0.0014118858
3165524,0.008810955
3010997,0.027306737
3095512,0.007964594
3208045,0.013009649
3450680,0.0018772092
3180402,0.05491671
3371442,0.016571404
3169861,0.5406937
3391728,0.24374163
3219064,0.015126259
3554251,0.0112961335
3430406,0.004209557
3089900,0.021643354
3432706,0.026920022
3435797,0.0051082494
3084693,0.020611042
3421833,0.0041510565
3524528,0.013131215
3531484,0.011417203
3438683,0.005602596
3027529,0.03597018
3173205,0.004367055
3345232,0.16486609
3132066,0.002964576
3388823,0.0063552996
3538246,0.012491853
3085412,0.012292655
3317616,0.4899297
3477793,0.007091867
3247317,0.0040276204
3323610,0.009092505
3456718,0.02156431
3340390,0.0039034088
3470676,0.010277794
3107889,0.0015713613
3266433,0.0031173415
3380136,0.0023108688
3007513,0.002119236
3214369,0.002377971
3006335,0.039479222
3325251,0.009057092
3238850,0.040076505
3549258,0.11685807
3476802,0.003112084
3540516,0.09537809
3161283,0.0026439491
3421103,0.0011698322
3221114,0.004786114
3083937,0.0045053614
3515854,0.0040787267
3071957,0.0050928695
3047506,0.009154905
3559152,0.07514163
3053047,0.0067108423
3165467,0.004564965
3418534,0.0066985465
3170214,0.0063650995
3469232,0.0020563947
3194993,0.0023921055
3407356,0.009726937
3317629,0.0010933564
3445848,0.017018422
3035163,0.0043546413
3419746,0.0017345068
3222681,0.0030485278
3264710,0.0018700343
3225237,0.93378466
3459891,0.0015479053
3418075,0.0035981268
3131052,0.016248899
3577179,0.011535471
3258209,0.0024323252
3430543,0.035063654
2995145,0.012587491
3186129,0.010613955
3073770,0.004752389
3422832,0.009103605
3296782,0.008801099
3255344,0.0043109306
3322942,0.032103576
3123697,0.006869
3409905,0.025810739
3212163,0.0007457137
3029136,0.0021846145
3420598,0.023716396
3461880,0.0108640045
3461598,0.0053386427
3199192,0.61620045
3185504,0.023275673
3104169,0.007443108
3418345,0.011633241
3096157,0.007418862
3203743,0.011515817
3094643,0.02785683
3459944,0.012866255
3142727,0.041205924
3145477,0.0006857658
3556804,0.0055758785
3314946,0.009606072
3113333,0.0074968343
3396969,0.002268414
3186872,0.0059720445
3374739,0.007950238
3298712,0.022747038
3075831,0.0050225654
3089775,0.0045424122
3483814,0.0014533291
3505429,0.098443486
3400774,0.01402038
3061433,0.00835252
3045841,0.003654108
3242355,0.02984145
2995672,0.004374492
3125735,0.015005829
3073558,0.005616762
3056820,0.0037366485
3299764,0.0074468325
3161082,0.004107711
3520386,0.0038146318
3164230,0.009139342
3320471,0.012032822
3159448,0.0087178685
3401271,0.009823727
3017588,0.002032648
3187215,0.29917455
3352176,0.07171112
3564633,0.025106033
3141298,0.01635264
3053099,0.008219927
3490130,0.084696785
3533283,0.0040460555
3247582,0.021635327
3175934,0.0107003935
3135205,0.027436297
3199559,0.0040459535
2998210,0.038550742
3401972,0.04193017
3137044,0.0028047694
3427300,0.134357
3339058,0.0035638886
3178544,0.011705039
3353360,0.8078046
3325916,0.009881259
3319310,0.040972628
3507208,0.0073724044
3019758,0.0067465324
3333074,0.046406083
3243877,0.008174174
3458616,0.0013689564
3203530,0.0050883535
3344590,0.011948414
3308520,0.0042597516
3083276,0.007029004
3410291,0.86896235
3296723,0.14320177
3111435,0.008486928
3245761,0.0138317095
3364808,0.011380594
3328329,0.0014849274
3381569,0.016023168
3088138,0.0037233867
3323627,0.014489056
3487928,0.009375316
3117726,0.005382216
3055475,0.01009944
3201422,0.0085485205
3174053,0.015964268
3503749,0.0016201687
3341366,0.012498871
3269425,0.009782338
2996706,0.005238004
3570019,0.017162852
3166549,0.022518871
2993477,0.012966633
3290988,0.005229134
3355305,0.002239635
3251308,0.0043057227
3158234,0.0040213265
3357064,0.0023160065
3286473,0.0028460138
3002968,0.007618304
3391375,0.004049802
3124348,0.039985392
3489703,0.07619594
3562743,0.09674608
3056090,0.031469945
3308261,0.00867109
3229802,0.02714699
3275643,0.040588256
3140741,0.027556174
3449895,0.011336162
3294787,0.009859855
3266693,0.014596174
3339863,0.007386921
3333904,0.08437636
3469231,0.22315402
3408857,0.00124285
3429614,0.024658278
3413289,0.0067862864
3459558,0.0022450096
3047280,0.0013037528
3036182,0.0029528236
3457997,0.0048884037
3193492,0.0019580594
3087733,0.0043710084
3381077,0.0016314735
3403576,0.0013150865
3291543,0.05067082
3192444,0.109797016
3175200,0.0019524938
3360900,0.0013650553
3400989,0.012015052
3442140,0.004759214
3228614,0.009139035
3002819,0.0024603724
3567239,0.012325281
3045279,0.08609858
3085937,0.0021054577
3431688,0.004037048
3023256,0.0007563417
3230196,0.122915715
3107112,0.015158195
3151217,0.00081494224
3004548,0.013569812
3247111,0.010656783
3485620,0.0027796465
3096723,0.23760273
3478542,0.013857718
3029734,0.0112670455
3415709,0.0042881817
2995704,0.0024751837
2998244,0.008907792
3018092,0.01416143
3432814,0.022713317
3366187,0.0017435811
3088177,0.014058828
3043362,0.014266415
3238560,0.0053948946
3407065,0.004432736
3074468,0.0054857484
2992174,0.010978013
3076239,0.005173846
3251007,0.0031649708
3097154,0.0028511565
3076425,0.0021265703
3040687,0.024984965
3191991,0.014761561
3435350,0.004934671
3428876,0.00419003
3024145,0.002074317
3492422,0.013498912
3493115,0.0065963836
3064128,0.017809143
3459031,0.008487041
3185600,0.0064578946
3144020,0.002402302
3286519,0.04745396
3197060,0.005545729
3216222,0.0040917
3282404,0.011982057
3194806,0.037427425
3570711,0.010616088
3244055,0.017781464
3112320,0.003220665
3362949,0.26668987
3180500,0.00493539
3290437,0.008543413
3070724,0.002548578
3235717,0.0011335247
3317361,0.007853722
3077159,0.0016494563
3033801,0.002280937
3057508,0.016785828
3476347,0.012737265
3402831,0.0026688587
3235634,0.0009139494
3139550,0.0046669072
3035730,0.0030559131
3065014,0.010815606
3333475,0.0042927
3301974,0.010789217
3305748,0.08238495
3062731,0.019777305
3471305,0.0056085787
3370788,0.0038813152
3403105,0.0016082628
3241602,0.0024702672
3301328,0.01695613
3044321,0.0030693978
3106113,0.0021037303
3307843,0.003943546
3136100,0.04613641
3435112,0.012061016
3349343,0.0018063654
3526180,0.0010748795
3384960,0.0021074815
3278290,0.010850547
3143743,0.001266114
3531517,0.0009622974
3328817,0.048032768
3542233,0.027342768
3432555,0.046464335
3050333,0.00442548
3242397,0.0066578337
3523418,0.009239841
3359665,0.0033534055
3039953,0.0025671108
3552936,0.0019077448
3341352,0.14101921
3307277,0.023921534
3085701,0.047277473
3070246,0.0052479296
3283866,0.0025220793
3083689,0.0027593449
3544407,0.07301678
3235913,0.57857394
3391298,0.00097547966
3275520,0.018242659
3366340,0.006392996
3475775,0.050883356
3231605,0.020968288
3019365,0.005900814
3497535,0.005929189
3385304,0.0019274133
3567752,0.034424562
3400858,0.0022307022
3421432,0.012232654
3314818,0.004658492
3261640,0.009277848
3263211,0.0045937067
3330073,0.006099701
3440490,0.007380218
3191446,0.002938586
3200866,0.041280925
3336971,0.0030900193
3145198,0.0015676918
3220985,0.0110959215
3543606,0.0062018335
3312811,0.0045264997
3013804,0.0046060095
3099457,0.0041622086
3550831,0.008360438
3351785,0.014288595
3207191,0.010146854
3357319,0.3040313
3099694,0.002245017
3160799,0.003740696
3002490,0.007921489
3075449,0.004253371
3297264,0.014057691
3480611,0.543542
3468300,0.0010276777
3139098,0.02451551
3383234,0.031852026
3084140,0.005478786
3372414,0.001477058
3242135,0.043435507
3102367,0.07098079
3430099,0.1689442
3152556,0.0033587387
3326900,0.004461892
3037586,0.0033177698
3549137,0.020266976
3304369,0.039967254
3010618,0.0073436885
3485265,0.0023341442
3576059,0.0044520535
3177572,0.0013555307
3447069,0.0009307186
3028284,0.020446368
3069878,0.00683179
3069795,0.0035317454
3545228,0.004897438
3574644,0.47345796
3209637,0.0032772229
3049147,0.014044651
3359087,0.015891708
3553409,0.0028009217
3496762,0.0029664936
3360954,0.00446382
3537814,0.025518227
3520319,0.015734281
2996169,0.006044691
3276747,0.007184065
3088626,0.010673895
3329551,0.0042879614
3285911,0.003602658
3103852,0.0042091254
3437428,0.0009828546
3283879,0.1329666
3022162,0.0042646267
3576743,0.3917848
3466224,0.0145838875
3030487,0.009022292
3526549,0.022282524
3010251,0.004397269
3225323,0.062334545
3231337,0.0021814944
3223360,0.005975663
3502315,0.011730733
3483491,0.012230014
3490576,0.003027874
3308110,0.03780994
3200044,0.002038428
3180686,0.0017236712
3253209,0.0055095823
3016690,0.007964217
3229673,0.016586434
3159454,0.050675306
3317532,0.0047640903
3061427,0.010777281
3014351,0.021973347
3411202,0.41393018
3495647,0.0058794767
3179228,0.002576332
3031973,0.006093425
3339898,0.025165288
3398527,0.0014306443
3384497,0.0017500727
3211066,0.005507388
3260456,0.009595816
3002206,0.0011941714
3514227,0.004370008
3471656,0.0029160106
3124006,0.0083490405
3566585,0.018614387
3567262,0.0049854005
3442019,0.0047259554
3533925,0.0069307704
3358089,0.0012899364
3255021,0.15556996
3158727,0.013868702
3017399,0.022889316
3405292,0.0011982773
3059484,0.0028147788
3278675,0.0069916584
3109723,0.04417399
2992398,0.009352841
3532336,0.0035707518
3223109,0.0013525384
3498765,0.03320805
3161637,0.001293065
3346682,0.00664639
3067710,0.0060014618
3502583,0.0054542157
2997085,0.0038078916
3181051,0.025517285
3402914,0.0036064838
3371355,0.18059094
3210973,0.008982809
3296228,0.009824339
3203794,0.005434415
3427354,0.011380228
3452431,0.004935533
3417389,0.8641643
3162330,0.003504344
3065300,0.0033231985
3486941,0.013135462
3081294,0.007827583
3354095,0.008036578
3145144,0.005436658
3078016,0.005241046
3577225,0.009013642
3565120,0.0027419953
3446401,0.006808502
3066515,0.00511272
3349952,0.0037710757
3032617,0.0044042445
3570631,0.0024344411
3351891,0.006424358
3537707,0.13394827
3281857,0.031504806
3351448,0.0049694194
3052329,0.079139635
3369927,0.07042796
3055766,0.0071141063
2989633,0.002115641
3077006,0.13347474
3455204,0.006584648
3441305,0.012797988
3150401,0.0086356625
3563552,0.0062136264
3210213,0.017381087
3170139,0.0034855967
3322995,0.0005865392
3129909,0.003613382
3135805,0.009450357
3033681,0.006208181
3019075,0.009932648
3351683,0.0023245898
3426679,0.0056175934
3387010,0.01947399
3463014,0.011980494
3333277,0.011920788
3397429,0.03425736
3059260,0.0067606703
3415629,0.11416163
3335042,0.025719084
3156390,0.0013478094
3554071,0.0010644615
3007981,0.0030449706
3288728,0.0020681403
3241721,0.0019079153
3283425,0.010932047
3064193,0.14287606
3353021,0.008213611
3089084,0.0063492563
3276526,0.0008740407
3292477,0.014437447
3213251,0.009704049
3129166,0.0019306099
3261382,0.019779209
3526039,0.0068025487
3242429,0.013771169
3217576,0.004885329
3313999,0.014973211
3306611,0.001159132
3313418,0.0036445286
3158315,0.004967244
3473779,0.027566243
3549114,0.023849927
2987770,0.0060169958
3236281,0.016227959
3212886,0.007603056
3408891,0.0031653622
3133122,0.00846793
3441630,0.009258871
3346467,0.0024408451
3404823,0.030018387
3030840,0.009075469
3445027,0.011990951
3090852,0.0012678233
3061030,0.003173446
3482541,0.012685483
3185894,0.014255006
3511946,0.017704112
3312470,0.028688967
3292615,0.0058828555
3202322,0.023771606
3336826,0.0011176069
3404104,0.00086653035
2994961,0.040913947
3322519,0.0028963692
3482281,0.014130815
3109224,0.015287285
3527238,0.013874676
3098765,0.022024699
3385996,0.009505568
3312554,0.0077478825
3469422,0.0030182407
3340023,0.032465123
3070636,0.07815103
3248148,0.0039709285
3294635,0.04911462
3411038,0.0009912017
3364917,0.015966207
3406270,0.011028794
3472234,0.0054246327
3192302,0.017141286
3262103,0.3157914
3209108,0.011390191
3194593,0.005061525
3461137,0.0028613026
3481632,0.0028590003
3522324,0.005664601
3068296,0.004641421
3494192,0.0028566644
3409317,0.0049662753
3440854,0.028932836
3090337,0.007861901
3550924,0.013742838
3331030,0.029810473
3557061,0.007656598
3348652,0.00755422
3548226,0.00897585
3179100,0.011321293
3124756,0.0031075177
3166940,0.020379646
3325856,0.003567221
3556513,0.0026651225
3035698,0.015300685
3445416,0.005220012
3076152,0.007254225
3231327,0.0038032709
2989093,0.017610855
3228723,0.050281644
2995401,0.1359457
3421194,0.009568261
3501720,0.004502052
3344850,0.036835585
3093170,0.005491756
3386899,0.033388734
3287929,0.0078285085
3235301,0.00637605
3131468,0.0041200733
3010323,0.0019545355
3081510,0.0049256417
3048379,0.031069946
3221243,0.005901743
3483136,0.05903962
3116244,0.013807559
3298376,0.0033397672
3460648,0.28477514
3289997,0.008215511
3405616,0.010202701
3278024,0.26037398
3494391,0.0014807414
3550146,0.019812273
3173602,0.014455309
3288788,0.002368705
3445826,0.0059161843
3538132,0.05494363
3456242,0.019460909
3029457,0.0035796885
3497739,0.0027745243
3280084,0.0035378323
3492608,0.007487831
3180577,0.027036669
3095540,0.006041271
3550253,0.0053511914
3371218,0.03597001
3344316,0.016896836
3210900,0.0067566405
3028593,0.008152446
3336409,0.0075640855
3476227,0.0022443037
3378507,0.0064754095
3097293,0.003283996
3414577,0.008984903
3251184,0.004831585
3422096,0.036674764
3197127,0.0025176315
3079744,0.021763897
3455995,0.010257603
2993401,0.01545441
3174803,0.013360018
2994472,0.005146794
3410925,0.0073537133
3328512,0.029955288
3455123,0.01135773
3328541,0.007615914
3067253,0.0042201965
3012972,0.0012738433
2999499,0.020952705
3274441,0.0074519766
3367879,0.028398512
3547979,0.005879694
3261545,0.0034942515
3395103,0.01778502
3221265,0.13839975
3537762,0.00091787084
3231302,0.0010724284
3514495,0.0028747483
3269919,0.0022924817
3124210,0.033200435
3457968,0.0059855618
3301952,0.0072500613
3002574,0.006342494
3364691,0.1177498
3206500,0.0026954021
3370285,0.06764878
3134824,0.011806743
3483652,0.0046004686
3043239,0.014506108
3516355,0.0076922723
3483967,0.12706906
3056979,0.008268383
3003938,0.0010458626
3206785,0.002879628
3392926,0.017495183
3238097,0.0073133977
3159895,0.0041310107
3084370,0.00794051
3245928,0.049350824
3059147,0.008630377
3070995,0.0057581384
3510007,0.0032823307
3290989,0.008519475
3426495,0.006077197
3330063,0.06834229
3390049,0.007423684
3451538,0.06771129
3010183,0.013914367
3408079,0.066897795
3369095,0.0072098398
3121337,0.0019919872
3360551,0.012883241
3193744,0.0043434915
3240772,0.0009508133
3343846,0.007002721
3283288,0.055932973
3180559,0.014568279
3340086,0.005533152
3078375,0.017365059
3308234,0.10798791
3134263,0.00983247
3110748,0.0027823336
3396264,0.0031951624
3464152,0.010530562
3505728,0.0011498404
3184243,0.085755475
3393865,0.0017541334
3122031,0.013760086
3067335,0.0066836705
3485695,0.009418883
3122803,0.0032234418
3262041,0.0060409447
3572105,0.042488836
3420463,0.007196523
3519645,0.047845367
3094311,0.16833782
3315535,0.005635553
3543472,0.0090197
3004190,0.0015652486
3346362,0.0048937513
3142095,0.0022687486
3205946,0.002480845
3491642,0.04293787
3021069,0.006577578
3332872,0.005703338
3172828,0.011442084
3126646,0.010897999
3059462,0.016415931
3478303,0.0013596339
3375162,0.0016120602
3014204,0.006683705
3322939,0.0062977695
3513174,0.024325985
3453227,0.004686149
3028667,0.0018110143
3458992,0.009960135
3569559,0.002063195
3556753,0.0048856726
3255573,0.3094534
3025606,0.005288503
3438119,0.0011051302
3312926,0.006083381
3107881,0.0022984748
3217293,0.023215933
3576885,0.0019312331
3556998,0.020864021
3200922,0.014111178
3243583,0.009709174
3057536,0.020933
3447225,0.028128743
3466404,0.002051993
3530350,0.0021848548
3368701,0.00917631
3279392,0.002716844
3558232,0.18620144
3534605,0.0054492387
3532043,0.006373057
3063477,0.0012596617
3261947,0.009889549
3161081,0.009301976
3271725,0.013094254
3251989,0.0066772914
3333900,0.0031586646
3239710,0.053985238
3023623,0.011334136
3569496,0.076435216
3546290,0.025219359
3252196,0.2481437
3519969,0.098751135
3193693,0.0076424703
3422883,0.012434607
3153630,0.009454425
3399602,0.003855602
3048838,0.0045157974
3528119,0.019765679
3140303,0.015621652
3128157,0.0061375857
3353080,0.005081912
3539465,0.035634577
3569549,0.0059754904
3234921,0.0059218043
3431101,0.030509245
3460640,0.0032874313
3118124,0.004522037
3214357,0.02425736
3509798,0.019514805
3348135,0.003127813
3424431,0.060421765
3302668,0.38162813
3350409,0.0028790624
3324044,0.009627667
3518083,0.029311681
3047196,0.009216753
3544977,0.013357925
3249329,0.0047608856
3531217,0.0041579297
3046180,0.005637066
3066187,0.00417386
3435781,0.016254997
3500960,0.019003863
3102118,0.005909402
3321724,0.18703985
3495601,0.015006119
3517414,0.011388805
3120611,0.00072953146
3100362,0.008845733
3403298,0.008756395
3301764,0.030212373
3174071,0.049767315
3531522,0.01997925
3067300,0.006157808
3082386,0.0058741923
3566893,0.028104007
3451522,0.028455405
3194499,0.0092395665
3307125,0.00091659225
3208974,0.0032758303
3338349,0.02647252
3196795,0.01858668
3570172,0.0066095013
3083669,0.025573792
3011740,0.0021478615
3524281,0.011947986
3064544,0.03141207
3321201,0.0046439636
3308656,0.0050216573
3084862,0.0020444423
3055797,0.009832511
3269840,0.0016744495
3559079,0.011271142
3254496,0.027676737
3510514,0.0038219918
3406140,0.033099297
3532579,0.005625798
3202715,0.042103574
3502227,0.010716517
3312511,0.011989296
3569060,0.008874269
3281324,0.009431379
3403671,0.009742547
3082473,0.0049661854
3495319,0.023826044
3559707,0.0040859873
3207235,0.012367873
3141098,0.002658345
3540698,0.0042454116
3573519,0.026854591
3095090,0.004565789
3271594,0.0027309929
3189216,0.001991138
3219884,0.020043783
3343694,0.007023139
3310337,0.011904058
3457077,0.016595403
3195796,0.012174001
3080961,0.012710615
3136445,0.021749191
3233540,0.0022474611
3415466,0.21519044
2999185,0.0018942659
3486073,0.04219675
3055020,0.05822789
3480010,0.0070301825
3450793,0.015595247
3114584,0.0040569515
3071379,0.0026626342
3380651,0.0007811156
3031120,0.00404032
3448453,0.0033283937
3015969,0.0009191845
3192877,0.0052427547
3539096,0.006434285
3176769,0.0023736006
3166161,0.036557224
3301136,0.0053170347
3197178,0.006567562
3356267,0.566935
3560947,0.008829651
3368471,0.020524759
3138400,0.96045583
3144986,0.0034545066
3007356,0.020528631
3203320,0.019684032
3329705,0.029220937
3049477,0.0016105637
3557702,0.0070063593
3482419,0.033554547
3216131,0.002910635
3337643,0.0035349322
3014151,0.0035286187
3104227,0.002853443
3507984,0.0033014007
3131446,0.016828883
3422749,0.0048956717
2989228,0.014952653
3052875,0.005094474
3074817,0.014445049
3118617,0.013179377
3459109,0.0014893316
2993856,0.015700856
3358020,0.006656648
2996330,0.0304568
3494184,0.1110692
3161800,0.005486352
3439555,0.020410517
3183645,0.021200297
3449755,0.039506976
3501443,0.0023190514
2999009,0.0021560336
3056219,0.008015231
3186566,0.00757845
3483894,0.0039869235
3061906,0.0039552343
3069535,0.0032361401
3391200,0.09744604
2990811,0.008510044
3182511,0.011384913
3302581,0.061384246
3098361,0.007324806
3270504,0.004021313
3410375,0.0030043002
3043276,0.010479821
3149643,0.040644675
3317377,0.022971835
3196064,0.009908752
3171106,0.0077541354
3567052,0.0012851035
3157496,0.015341249
3034637,0.007163755
3260836,0.008072722
3537389,0.033463128
3502404,0.0012419056
3043874,0.0020543544
3362693,0.0009732313
3436631,0.019745762
3363823,0.0024945154
3242480,0.059499264
3115936,0.0006381974
3407681,0.008813063
3100801,0.0025646873
3477836,0.04063038
3239860,0.0029713477
3336093,0.12482099
3400196,0.004182981
3218146,0.01938462
3570328,0.0009869115
3464309,0.0021091427
3384552,0.006342004
3274844,0.0040675136
3338844,0.015666472
3388987,0.0027336304
3454870,0.010383095
3362600,0.0009840361
3427240,0.0017471054
3216138,0.0056585157
3331302,0.0017421227
3396445,0.010087705
3147404,0.003780778
3280432,0.0063708746
3569390,0.062249765
3514028,0.013870769
3083266,0.005488184
3406346,0.0019160989
3019050,0.007329509
3069064,0.0058584358
3163784,0.022187172
3032022,0.026651092
3437047,0.0076507023
3416108,0.005244304
3201700,0.00865244
3234561,0.0027442884
3503872,0.00551207
3128831,0.0028211074
3029422,0.009458195
3294051,0.013444639
3122730,0.0045466986
3487523,0.0028144578
3496652,0.015552501
3498624,0.090789184
3533892,0.0047999867
3512948,0.0043842597
3142098,0.007077055
3030872,0.010221618
3370299,0.0026903576
3083308,0.03068098
3315643,0.0046817716
3097035,0.006026143
3496052,0.00412077
3002426,0.028492585
3455615,0.0031758558
3285643,0.0035207374
3030216,0.0018670638
3442078,0.014559074
3152000,0.0061117355
3303673,0.0017256227
3395705,0.008249192
3178166,0.02161238
3228067,0.017792119
3190925,0.00082050305
3508750,0.01707099
3499376,0.0027924746
3143468,0.0075494703
3063271,0.02538937
3361213,0.010522451
3263928,0.009063119
3574908,0.0025395101
3002108,0.05812577
3220324,0.015836263
3114529,0.035968933
3011928,0.0036762585
3401810,0.0015117992
3257911,0.07015054
3197253,0.001004147
3089345,0.02355142
3052582,0.021035671
3343778,0.03095795
3340241,0.011322755
3564640,0.023486579
3005960,0.0019506383
3384876,0.0028884616
3018386,0.013843317
3107843,0.004178153
3077596,0.006336201
3448019,0.021289745
3528953,0.0066420785
3321365,0.0111683
3236968,0.0030296536
3479741,0.0093302345
3387083,0.0044625653
3316159,0.23831834
3498181,0.0035964125
2987175,0.0074242004
3560412,0.0032684884
3351036,0.019674659
3006936,0.0067409268
3353452,0.0059231236
3518770,0.117895894
3405681,0.06502221
3171004,0.001631312
3388939,0.011836238
3013430,0.03681057
3573617,0.0014819298
3418314,0.11791528
3444391,0.0023455068
3145131,0.009932357
3301074,0.0037729982
3425805,0.009832701
3233691,0.009054969
3305942,0.0036552674
3335192,0.02464923
3110571,0.0024229588
3313148,0.08424948
3489708,0.00896316
3063021,0.0032190904
3571275,0.015016328
3343647,0.003688929
3234952,0.0023057854
3471802,0.0065647936
3554380,0.0027868105
3361325,0.0010939388
3180973,0.0048761857
3148780,0.018953474
3035234,0.003280662
3481410,0.010631997
3335404,0.06001823
3367647,0.059125897
3477255,0.00488997
3069443,0.004805165
3000536,0.010820133
3057939,0.0035175888
3445877,0.055451095
3090744,0.0035980307
3369887,0.0015767824
3308367,0.08228626
2999551,0.0043832795
3032424,0.0058717453
3137725,0.008888742
3105526,0.013179067
3506417,0.017632326
3351109,0.02330018
3369250,0.0022904389
3193191,0.004273531
3196474,0.01146864
3197054,0.01259559
3156456,0.0035827481
3346862,0.09842933
3257423,0.012829122
3373310,0.007759747
3182687,0.0048586437
3096449,0.002942074
3121146,0.034336474
3449092,0.017958606
3088569,0.0043313764
3152269,0.015831195
3143530,0.0093141915
3531187,0.11791047
3545677,0.0010518132
3430898,0.0012517615
3156658,0.0015920595
3207247,0.0012507054
3492641,0.0016051831
3536333,0.010570594
3094877,0.004328519
3403672,0.014587273
3094835,0.0144306505
3304257,0.093702495
3566052,0.01743594
3042783,0.007989091
3008178,0.006027263
3227046,0.008233574
3563093,0.0032964116
3056104,0.0038109354
2996976,0.0044138334
3572781,0.0020667405
3028762,0.0025284726
3368969,0.000748223
3130087,0.032701932
3257515,0.008661295
3178864,0.033556953
3321163,0.003626079
3416674,0.004266755
3124951,0.0016417047
3386620,0.0031033284
3045836,0.005061189
3394687,0.024646979
3182184,0.008666481
3335761,0.008002797
3252611,0.0041370513
3214301,0.0065647527
3222142,0.0054044775
3476375,0.0013113174
3513814,0.0011630002
3013789,0.0053553074
3484255,0.0013377036
3333062,0.0032457984
3480838,0.0020862133
3150092,0.049652636
3236334,0.0017021827
3446259,0.32050928
3011835,0.00297389
3021051,0.019890616
3409335,0.00361495
3561988,0.002113535
3231515,0.0025847922
3275663,0.021042159
3122245,0.9724104
3450781,0.013682037
3385199,0.03519988
3546111,0.006692734
3068818,0.02054156
3123028,0.012207546
3221847,0.20300712
3233452,0.00906031
3022715,0.0011511216
3126297,0.004867595
3130349,0.0018987609
3207816,0.0027842566
3546544,0.20413028
3125503,0.009143566
3337759,0.10688983
3214808,0.0013199099
3315809,0.0033923972
3144430,0.020456854
3303343,0.008455148
3183005,0.014595185
3272910,0.02367358
3510382,0.006205264
3273492,0.5189223
3137876,0.00406498
3426271,0.018859724
3500491,0.0010047226
3421034,0.0062928176
3321586,0.103783615
3552300,0.0042641144
3080266,0.0040044617
3139147,0.0054140743
3371718,0.004407727
3395033,0.017591052
3240230,0.0038025284
3103876,0.011296235
3118298,0.0049056825
3123219,0.0044663376
3259444,0.028413983
3520383,0.0013973676
3250940,0.006157995
3446078,0.0024473346
3435268,0.0030316215
3395233,0.0043048067
3495126,0.04649593
3410130,0.009515503
3422058,0.012244101
3446751,0.018397853
3325135,0.009449978
3229022,0.016090453
3435883,0.005755224
3152083,0.010455023
3124179,0.0023655095
3512507,0.008372311
3519513,0.015404577
3216567,0.0020350146
3431088,0.0057690465
3497560,0.0026046243
3205082,0.010106975
3468922,0.0051171584
3009556,0.032140326
3032093,0.0031273686
3413247,0.0009019128
2987930,0.0026880903
3506382,0.045408778
3308437,0.001807912
3345996,0.0029509696
3291896,0.20338066
3260068,0.06662356
3369853,0.0040750387
3088419,0.012277734
3027912,0.028306643
3398574,0.008198589
3521417,0.005876657
3167112,0.0044437298
3476121,0.033144783
2997458,0.030519862
3429223,0.043796845
3566435,0.03220226
3471532,0.003363742
3473280,0.0020947591
2998656,0.002457861
3013179,0.0034793
3275270,0.21990007
3345675,0.0041736793
3495354,0.0023448104
3526234,0.003276131
3445217,0.708865
3001021,0.0006189263
3027159,0.007602829
3528315,0.0067826323
3021961,0.0034628243
3074923,0.0025231445
3257060,0.090495385
3066062,0.0033778516
3557842,0.0019381607
3478135,0.013616282
3497138,0.03787556
3540719,0.0011958783
3135604,0.003348556
3174388,0.22766791
3166010,0.053319763
3261268,0.053296044
3541024,0.021342115
3178220,0.0046889405
3146536,0.010217442
3094969,0.00808846
3558272,0.010818214
3149218,0.009478278
3015149,0.0054679103
3076060,0.0019751848
3329589,0.06972246
3470661,0.022987686
3153871,0.040792994
3152174,0.0074334904
3017156,0.024556452
3245654,0.15919808
3545970,0.004105694
3074413,0.0025213845
3007499,0.0036375087
3197230,0.0711779
3178171,0.007946388
3309230,0.0049029854
3211326,0.002780642
3402896,0.072031654
3042336,0.0031279188
3406842,0.0054500373
3448462,0.00084879133
3260804,0.007729019
3434583,0.88915795
3550414,0.035589647
3333667,0.034588773
3083257,0.0016102976
3069719,0.008666652
3372791,0.0072266376
3271003,0.0074556596
3198826,0.020424223
3345927,0.0017283625
3426997,0.0822077
3198266,0.008486852
3054178,0.017723203
3548296,0.0023182177
3405456,0.0022736455
3537578,0.07419116
3478758,0.17789541
3044093,0.12617187
3038142,0.0021068237
3280159,0.007300217
3302265,0.0070679137
3016404,0.014794767
3510004,0.0037355693
3131738,0.0034798821
3347864,0.0030866417
3060666,0.002485346
3217331,0.0018804399
3061068,0.021409791
3499291,0.010775211
3001911,0.007278441
3413307,0.06653887
3478353,0.005243762
3067562,0.0040614353
3053742,0.007389617
3497690,0.0026400338
3373476,0.0071097487
3025635,0.0028808233
3293030,0.00527498
3351659,0.0027368497
2994036,0.003967215
3109583,0.09606494
3454216,0.0041717477
3461652,0.03583988
3112431,0.007216433
3059731,0.012841798
3136585,0.0023661577
3132437,0.029819995
3037953,0.0052698357
3338723,0.002483381
3257026,0.0035755069
3107357,0.002780892
3510347,0.009290129
3408616,0.01235773
3420847,0.010531998
3177874,0.0070970235
3293725,0.0074395197
3277528,0.023517933
3019688,0.063011184
3298746,0.013704056
2989134,0.006036397
3525326,0.0031670448
3195193,0.06141953
2994732,0.006906562
3294408,0.021293074
3484413,0.041133128
3088275,0.0062403306
3090363,0.0014920585
3253424,0.0065518348
3221429,0.003999444
3481851,0.0037382944
3308164,0.0064600455
3558303,0.0052120495
3005139,0.0057496494
3498883,0.0023807397
3284324,0.008577595
3139560,0.0117571475
3476867,0.004387164
3280051,0.0057044085
3571620,0.0070961495
3123155,0.00853135
3271146,0.009791048
3459561,0.0038449413
3186849,0.03542101
3048438,0.015258298
3548924,0.010811154
2999653,0.0058439407
3075088,0.012681304
3522703,0.0022863094
3308819,0.0072908583
3165072,0.0035745522
3293296,0.018174276
3176706,0.019166086
3267422,0.009805321
3051343,0.0017402761
3096848,0.04915549
3316702,0.010466621
3250230,0.0020430672
3552807,0.0018518366
3482863,0.0041305674
3234390,0.03534994
3370757,0.0021012512
3520373,0.01300461
3511185,0.03327691
3227280,0.0070093786
3003603,0.0270677
3574821,0.034732893
3526294,0.0033624521
3102833,0.003636935
3276399,0.0050159236
3215085,0.009676027
3437025,0.012999911
3151664,0.008438012
3025916,0.02790632
2988997,0.04764387
3020813,0.009193976
3529437,0.020522391
3105954,0.0023111326
3007451,0.051280167
3005118,0.0043462203
3179157,0.04882435
3106611,0.008687875
3150940,0.00084933185
3442992,0.026779732
3475196,0.015837496
3137622,0.0017645368
3322465,0.0070280125
3470482,0.0049165534
3131212,0.019139517
3031796,0.006316956
3466099,0.0069137476
3227884,0.07820416
3541737,0.005983196
3170334,0.00452465
3214531,0.0053395093
3195619,0.009368264
3480227,0.005997814
3408062,0.0027421047
3331709,0.01226142
3100610,0.009351441
3217172,0.01563809
3449469,0.002837327
3513645,0.0026860074
3328285,0.020682557
3223583,0.011832501
3437417,0.01922452
2995119,0.012833152
3167274,0.1105733
3461435,0.0031380905
3348880,0.002825231
3255895,0.02992769
3059431,0.0015820115
3130291,0.0014274
3146252,0.026754076
3442153,0.048062388
3043170,0.005165219
3044166,0.0039014346
3089833,0.014982821
3200585,0.018668156
3042502,0.0031520054
3395456,0.005175329
3400587,0.023717683
3193092,0.014636265
3216251,0.014512456
3530620,0.0015579129
3289603,0.018757582
3278395,0.00988474
3177793,0.07203818
3113162,0.0074616927
2999782,0.0046085967
3260716,0.009759229
3178265,0.0029322375
3191326,0.8725386
3078270,0.025241932
3050679,0.010450574
3323959,0.006226333
3177729,0.009559363
3160505,0.01610326
3441382,0.019159835
3541467,0.025716174
3557793,0.03425493
3022329,0.008866719
3075024,0.025970647
3319531,0.0129860295
3304074,0.008347983
3079382,0.0028561442
3056888,0.0019196961
3425813,0.0042379918
3536845,0.1264408
3196534,0.006231244
3404158,0.0025244842
3286418,0.0037910468
3384639,0.0027328285
3268187,0.020363854
3147612,0.0019947847
3237467,0.0075414535
3496313,0.0017109587
3107363,0.0077699195
3074263,0.008871162
3125001,0.003367678
3345961,0.0013119765
3493158,0.004474814
3405861,0.0029360962
3429432,0.058373667
3139333,0.0061290814
3230765,0.008406198
3000590,0.004528296
3571056,0.005452532
2996419,0.0072400053
3407979,0.0028077024
3277581,0.009488474
3343298,0.002129987
3112800,0.0071718516
3538217,0.004060149
3359893,0.0028125301
3124863,0.094182506
3422774,0.00742276
3556351,0.028815243
3033755,0.012692616
3563801,0.0062555512
3282656,0.34636348
3392962,0.009336743
3155204,0.09426735
3287174,0.03871682
3425411,0.1180179
3348556,0.13205874
3459766,0.011438292
3317577,0.0075315777
3546021,0.03702427
3170654,0.023022056
3110034,0.00791693
3207339,0.017765457
3533002,0.01682609
3061739,0.004672659
3328995,0.036065254
3304860,0.035910018
2988885,0.050706778
3283934,0.0073713013
3011930,0.023488827
3342694,0.017802363
3138757,0.005894337
3505653,0.37650734
3463171,0.002127622
3036120,0.0038258045
3120441,0.036256477
3463713,0.01890412
3353815,0.05207969
3454025,0.5941833
3314602,0.0058890637
3465652,0.014325714
3235153,0.0045649586
3443324,0.0031453168
3476141,0.003940826
2990121,0.0235405
3265324,0.058389213
3392066,0.001336658
2990856,0.0047864732
3128321,0.0017053953
3525687,0.0023229504
3078182,0.0050029135
3477746,0.0010241913
3061080,0.0029541503
3103805,0.00583191
3567825,0.015945364
3384285,0.0015832448
3189644,0.01063301
3446094,0.04967384
3249958,0.00261068
3114057,0.015011306
3386313,0.018346038
3441904,0.010475322
3087711,0.0038371233
3548671,0.0036678973
3186461,0.008267969
3111179,0.008410524
3242285,0.012627755
3281967,0.005280307
2987887,0.008398554
3206990,0.0060863425
3434526,0.0060596154
3456285,0.006396395
3415527,0.001803357
3188971,0.001093495
3250998,0.0022899453
3545620,0.0040384075
3164001,0.00224061
3465849,0.046237815
3020413,0.038418833
3096479,0.005948985
3434420,0.02243782
3540815,0.033574447
3155039,0.0022855198
3501288,0.007637608
3008655,0.010789595
3081451,0.0043329294
3183560,0.0170934
3174418,0.013839196
3498925,0.001507465
3383992,0.0045945896
3538651,0.07360414
3181970,0.003747058
3294211,0.058992263
3331210,0.0019089191
3566644,0.00699001
3151280,0.001287774
3263069,0.009655026
3139981,0.027495798
2993835,0.0051756874
3169988,0.0019559416
3394335,0.007156955
3529737,0.009824269
3324991,0.015752243
3147039,0.0042561246
3198955,0.020516999
3473631,0.0028862115
3081304,0.0057962113
3573173,0.0031766018
3032595,0.008220657
3139316,0.0037356971
3262558,0.012393388
3126493,0.023037666
3161227,0.0022145503
3409566,0.001640636
3316970,0.0076396246
3529600,0.029019937
3245285,0.0064801783
3181503,0.014217692
3356344,0.033556204
3238261,0.015850373
3081456,0.038100842
3111063,0.0076789293
3559295,0.0039568297
3247228,0.26065993
3140240,0.0049996576
3211666,0.0065215756
3244820,0.002473889
3011820,0.014671876
3279220,0.006670757
3335405,0.055207383
